Pulse,Duration,Max_Pulse,Energy
90,45.0,112.0,0.0
92,60.0,116.5,242.0
97,45.0,125.0,243.0
98,60.0,122.33333333333333,253.0666666666667
100,57.0,122.2,272.54
102,60.0,127.33333333333333,338.26666666666665
103,60.0,134.25,248.075
104,255.0,133.0,316.3
105,45.0,132.0,246.0
106,60.0,128.0,345.3
108,60.0,131.0,364.2
109,37.5,154.0,238.75
110,60.0,133.0,391.55
117,52.5,146.5,442.5
130,60.0,101.0,300.0
